Column1,Column2,Column3,Column4,Column5,Column6,Column7,Column8,Column9,Column10,Column11,Column12,Column13,Column14,Column15,Column16,Column17
city/none/normalized/uh3023/Array,,,,,,,,,,,,,,,,
選挙回,都道府県コード,都道府県名,JISコード,市区町村名,有権者数,投票者数,有効投票数,定数,候補者数,市区町村別得票数,得票総数,順位,名前,年齢,党派・会派等,現新
uh3023,28,兵庫県,28101,東灘区,169109,91867,90005,50,12,507,,11,,0,みどりの風,
uh3023,28,兵庫県,28101,東灘区,169109,91867,90005,50,12,9964,,6,,0,みんなの党,
uh3023,28,兵庫県,28101,東灘区,169109,91867,90005,50,12,9692,,2,,0,公明党,
uh3023,28,兵庫県,28101,東灘区,169109,91867,90005,50,12,297,,12,,0,幸福実現党,
uh3023,28,兵庫県,28101,東灘区,169109,91867,90005,50,12,310,,9,,0,新党大地,
uh3023,28,兵庫県,28101,東灘区,169109,91867,90005,50,12,10148,,5,,0,日本共産党,
uh3023,28,兵庫県,28101,東灘区,169109,91867,90005,50,12,18768,,4,,0,日本維新の会,
uh3023,28,兵庫県,28101,東灘区,169109,91867,90005,50,12,9293,,3,,0,民主党,
uh3023,28,兵庫県,28101,東灘区,169109,91867,90005,50,12,943,,8,,0,生活の党,
uh3023,28,兵庫県,28101,東灘区,169109,91867,90005,50,12,1502,,7,,0,社会民主党,
uh3023,28,兵庫県,28101,東灘区,169109,91867,90005,50,12,1282,,10,,0,緑の党グリーンズジャパン,
uh3023,28,兵庫県,28101,東灘区,169109,91867,90005,50,12,27299,,1,,0,自由民主党,
uh3023,28,兵庫県,28102,灘区,105497,56188,54775,50,12,758,,10,,0,緑の党グリーンズジャパン,
uh3023,28,兵庫県,28102,灘区,105497,56188,54775,50,12,15837,,1,,0,自由民主党,
uh3023,28,兵庫県,28102,灘区,105497,56188,54775,50,12,308,,11,,0,みどりの風,
uh3023,28,兵庫県,28102,灘区,105497,56188,54775,50,12,5839,,6,,0,みんなの党,
uh3023,28,兵庫県,28102,灘区,105497,56188,54775,50,12,6993,,2,,0,公明党,
uh3023,28,兵庫県,28102,灘区,105497,56188,54775,50,12,235,,12,,0,幸福実現党,
uh3023,28,兵庫県,28102,灘区,105497,56188,54775,50,12,169,,9,,0,新党大地,
uh3023,28,兵庫県,28102,灘区,105497,56188,54775,50,12,6359,,5,,0,日本共産党,
uh3023,28,兵庫県,28102,灘区,105497,56188,54775,50,12,10968,,4,,0,日本維新の会,
uh3023,28,兵庫県,28102,灘区,105497,56188,54775,50,12,5667,,3,,0,民主党,
uh3023,28,兵庫県,28102,灘区,105497,56188,54775,50,12,540,,8,,0,生活の党,
uh3023,28,兵庫県,28102,灘区,105497,56188,54775,50,12,1101,,7,,0,社会民主党,
uh3023,28,兵庫県,28105,兵庫区,81543,44209,42968,50,12,5814,,5,,0,日本共産党,
uh3023,28,兵庫県,28105,兵庫区,81543,44209,42968,50,12,7644,,4,,0,日本維新の会,
uh3023,28,兵庫県,28105,兵庫区,81543,44209,42968,50,12,4271,,3,,0,民主党,
uh3023,28,兵庫県,28105,兵庫区,81543,44209,42968,50,12,81,,8,,0,生活の党,
uh3023,28,兵庫県,28105,兵庫区,81543,44209,42968,50,12,568,,7,,0,社会民主党,
uh3023,28,兵庫県,28105,兵庫区,81543,44209,42968,50,12,475,,10,,0,緑の党グリーンズジャパン,
uh3023,28,兵庫県,28105,兵庫区,81543,44209,42968,50,12,10723,,1,,0,自由民主党,
uh3023,28,兵庫県,28105,兵庫区,81543,44209,42968,50,12,172,,11,,0,みどりの風,
uh3023,28,兵庫県,28105,兵庫区,81543,44209,42968,50,12,2836,,6,,0,みんなの党,
uh3023,28,兵庫県,28105,兵庫区,81543,44209,42968,50,12,10119,,2,,0,公明党,
uh3023,28,兵庫県,28105,兵庫区,81543,44209,42968,50,12,151,,12,,0,幸福実現党,
uh3023,28,兵庫県,28105,兵庫区,81543,44209,42968,50,12,114,,9,,0,新党大地,
uh3023,28,兵庫県,28106,長田区,183862,40115,38866,50,12,169,,11,,0,みどりの風,
uh3023,28,兵庫県,28106,長田区,183862,40115,38866,50,12,2332,,6,,0,みんなの党,
uh3023,28,兵庫県,28106,長田区,183862,40115,38866,50,12,9622,,2,,0,公明党,
uh3023,28,兵庫県,28106,長田区,183862,40115,38866,50,12,154,,12,,0,幸福実現党,
uh3023,28,兵庫県,28106,長田区,183862,40115,38866,50,12,93,,9,,0,新党大地,
uh3023,28,兵庫県,28106,長田区,183862,40115,38866,50,12,5474,,5,,0,日本共産党,
uh3023,28,兵庫県,28106,長田区,183862,40115,38866,50,12,6906,,4,,0,日本維新の会,
uh3023,28,兵庫県,28106,長田区,183862,40115,38866,50,12,3769,,3,,0,民主党,
uh3023,28,兵庫県,28106,長田区,183862,40115,38866,50,12,335,,8,,0,生活の党,
uh3023,28,兵庫県,28106,長田区,183862,40115,38866,50,12,558,,7,,0,社会民主党,
uh3023,28,兵庫県,28106,長田区,183862,40115,38866,50,12,367,,10,,0,緑の党グリーンズジャパン,
uh3023,28,兵庫県,28106,長田区,183862,40115,38866,50,12,9087,,1,,0,自由民主党,
uh3023,28,兵庫県,28107,須磨区,184159,73702,71077,50,12,281,,10,,0,緑の党グリーンズジャパン,
uh3023,28,兵庫県,28107,須磨区,184159,73702,71077,50,12,20102,,1,,0,自由民主党,
uh3023,28,兵庫県,28107,須磨区,184159,73702,71077,50,12,89,,11,,0,みどりの風,
uh3023,28,兵庫県,28107,須磨区,184159,73702,71077,50,12,5716,,6,,0,みんなの党,
uh3023,28,兵庫県,28107,須磨区,184159,73702,71077,50,12,10822,,2,,0,公明党,
uh3023,28,兵庫県,28107,須磨区,184159,73702,71077,50,12,210,,12,,0,幸福実現党,
uh3023,28,兵庫県,28107,須磨区,184159,73702,71077,50,12,209,,9,,0,新党大地,
uh3023,28,兵庫県,28107,須磨区,184159,73702,71077,50,12,9075,,5,,0,日本共産党,
uh3023,28,兵庫県,28107,須磨区,184159,73702,71077,50,12,14061,,4,,0,日本維新の会,
uh3023,28,兵庫県,28107,須磨区,184159,73702,71077,50,12,8580,,3,,0,民主党,
uh3023,28,兵庫県,28107,須磨区,184159,73702,71077,50,12,678,,8,,0,生活の党,
uh3023,28,兵庫県,28107,須磨区,184159,73702,71077,50,12,1254,,7,,0,社会民主党,
uh3023,28,兵庫県,28108,垂水区,100545,96478,94199,50,12,10120,,5,,0,日本共産党,
uh3023,28,兵庫県,28108,垂水区,100545,96478,94199,50,12,19366,,4,,0,日本維新の会,
uh3023,28,兵庫県,28108,垂水区,100545,96478,94199,50,12,11835,,3,,0,民主党,
uh3023,28,兵庫県,28108,垂水区,100545,96478,94199,50,12,817,,8,,0,生活の党,
uh3023,28,兵庫県,28108,垂水区,100545,96478,94199,50,12,1359,,7,,0,社会民主党,
uh3023,28,兵庫県,28108,垂水区,100545,96478,94199,50,12,1146,,10,,0,緑の党グリーンズジャパン,
uh3023,28,兵庫県,28108,垂水区,100545,96478,94199,50,12,27371,,1,,0,自由民主党,
uh3023,28,兵庫県,28108,垂水区,100545,96478,94199,50,12,436,,11,,0,みどりの風,
uh3023,28,兵庫県,28108,垂水区,100545,96478,94199,50,12,6813,,6,,0,みんなの党,
uh3023,28,兵庫県,28108,垂水区,100545,96478,94199,50,12,14510,,2,,0,公明党,
uh3023,28,兵庫県,28108,垂水区,100545,96478,94199,50,12,235,,12,,0,幸福実現党,
uh3023,28,兵庫県,28108,垂水区,100545,96478,94199,50,12,191,,9,,0,新党大地,
uh3023,28,兵庫県,28109,北区,136620,97164,94969,50,12,108,,11,,0,みどりの風,
uh3023,28,兵庫県,28109,北区,136620,97164,94969,50,12,7223,,6,,0,みんなの党,
uh3023,28,兵庫県,28109,北区,136620,97164,94969,50,12,17986,,2,,0,公明党,
uh3023,28,兵庫県,28109,北区,136620,97164,94969,50,12,281,,12,,0,幸福実現党,
uh3023,28,兵庫県,28109,北区,136620,97164,94969,50,12,280,,9,,0,新党大地,
uh3023,28,兵庫県,28109,北区,136620,97164,94969,50,12,9812,,5,,0,日本共産党,
uh3023,28,兵庫県,28109,北区,136620,97164,94969,50,12,18125,,4,,0,日本維新の会,
uh3023,28,兵庫県,28109,北区,136620,97164,94969,50,12,11430,,3,,0,民主党,
uh3023,28,兵庫県,28109,北区,136620,97164,94969,50,12,900,,8,,0,生活の党,
uh3023,28,兵庫県,28109,北区,136620,97164,94969,50,12,1553,,7,,0,社会民主党,
uh3023,28,兵庫県,28109,北区,136620,97164,94969,50,12,1433,,10,,0,緑の党グリーンズジャパン,
uh3023,28,兵庫県,28109,北区,136620,97164,94969,50,12,25839,,1,,0,自由民主党,
uh3023,28,兵庫県,28110,中央区,90340,48249,47178,50,12,810,,10,,0,緑の党グリーンズジャパン,
uh3023,28,兵庫県,28110,中央区,90340,48249,47178,50,12,13998,,1,,0,自由民主党,
uh3023,28,兵庫県,28110,中央区,90340,48249,47178,50,12,242,,11,,0,みどりの風,
uh3023,28,兵庫県,28110,中央区,90340,48249,47178,50,12,4430,,6,,0,みんなの党,
uh3023,28,兵庫県,28110,中央区,90340,48249,47178,50,12,6664,,2,,0,公明党,
uh3023,28,兵庫県,28110,中央区,90340,48249,47178,50,12,210,,12,,0,幸福実現党,
uh3023,28,兵庫県,28110,中央区,90340,48249,47178,50,12,195,,9,,0,新党大地,
uh3023,28,兵庫県,28110,中央区,90340,48249,47178,50,12,5308,,5,,0,日本共産党,
uh3023,28,兵庫県,28110,中央区,90340,48249,47178,50,12,9747,,4,,0,日本維新の会,
uh3023,28,兵庫県,28110,中央区,90340,48249,47178,50,12,4313,,3,,0,民主党,
uh3023,28,兵庫県,28110,中央区,90340,48249,47178,50,12,514,,8,,0,生活の党,
uh3023,28,兵庫県,28110,中央区,90340,48249,47178,50,12,747,,7,,0,社会民主党,
uh3023,28,兵庫県,28111,西区,199272,101434,99033,50,12,10019,,5,,0,日本共産党,
uh3023,28,兵庫県,28111,西区,199272,101434,99033,50,12,19991,,4,,0,日本維新の会,
uh3023,28,兵庫県,28111,西区,199272,101434,99033,50,12,12356,,3,,0,民主党,
uh3023,28,兵庫県,28111,西区,199272,101434,99033,50,12,910,,8,,0,生活の党,
uh3023,28,兵庫県,28111,西区,199272,101434,99033,50,12,1664,,7,,0,社会民主党,
uh3023,28,兵庫県,28111,西区,199272,101434,99033,50,12,1052,,10,,0,緑の党グリーンズジャパン,
uh3023,28,兵庫県,28111,西区,199272,101434,99033,50,12,30595,,1,,0,自由民主党,
uh3023,28,兵庫県,28111,西区,199272,101434,99033,50,12,476,,11,,0,みどりの風,
uh3023,28,兵庫県,28111,西区,199272,101434,99033,50,12,8066,,6,,0,みんなの党,
uh3023,28,兵庫県,28111,西区,199272,101434,99033,50,12,13268,,2,,0,公明党,
uh3023,28,兵庫県,28111,西区,199272,101434,99033,50,12,315,,12,,0,幸福実現党,
uh3023,28,兵庫県,28111,西区,199272,101434,99033,50,12,320,,9,,0,新党大地,
uh3023,28,兵庫県,28201,姫路市,426584,208585,194375,50,12,574,,11,,0,みどりの風,
uh3023,28,兵庫県,28201,姫路市,426584,208585,194375,50,12,15140,,6,,0,みんなの党,
uh3023,28,兵庫県,28201,姫路市,426584,208585,194375,50,12,33238,,2,,0,公明党,
uh3023,28,兵庫県,28201,姫路市,426584,208585,194375,50,12,928,,12,,0,幸福実現党,
uh3023,28,兵庫県,28201,姫路市,426584,208585,194375,50,12,454,,9,,0,新党大地,
uh3023,28,兵庫県,28201,姫路市,426584,208585,194375,50,12,15289,,5,,0,日本共産党,
uh3023,28,兵庫県,28201,姫路市,426584,208585,194375,50,12,33927,,4,,0,日本維新の会,
uh3023,28,兵庫県,28201,姫路市,426584,208585,194375,50,12,28891,,3,,0,民主党,
uh3023,28,兵庫県,28201,姫路市,426584,208585,194375,50,12,1578,,8,,0,生活の党,
uh3023,28,兵庫県,28201,姫路市,426584,208585,194375,50,12,2144,,7,,0,社会民主党,
uh3023,28,兵庫県,28201,姫路市,426584,208585,194375,50,12,1434,,10,,0,緑の党グリーンズジャパン,
uh3023,28,兵庫県,28201,姫路市,426584,208585,194375,50,12,60778,,1,,0,自由民主党,
uh3023,28,兵庫県,28202,尼崎市,378554,184248,179443,50,12,2060,,10,,0,緑の党グリーンズジャパン,
uh3023,28,兵庫県,28202,尼崎市,378554,184248,179443,50,12,39001,,1,,0,自由民主党,
uh3023,28,兵庫県,28202,尼崎市,378554,184248,179443,50,12,872,,11,,0,みどりの風,
uh3023,28,兵庫県,28202,尼崎市,378554,184248,179443,50,12,11045,,6,,0,みんなの党,
uh3023,28,兵庫県,28202,尼崎市,378554,184248,179443,50,12,44053,,2,,0,公明党,
uh3023,28,兵庫県,28202,尼崎市,378554,184248,179443,50,12,472,,12,,0,幸福実現党,
uh3023,28,兵庫県,28202,尼崎市,378554,184248,179443,50,12,554,,9,,0,新党大地,
uh3023,28,兵庫県,28202,尼崎市,378554,184248,179443,50,12,21016,,5,,0,日本共産党,
uh3023,28,兵庫県,28202,尼崎市,378554,184248,179443,50,12,42770,,4,,0,日本維新の会,
uh3023,28,兵庫県,28202,尼崎市,378554,184248,179443,50,12,12983,,3,,0,民主党,
uh3023,28,兵庫県,28202,尼崎市,378554,184248,179443,50,12,1451,,8,,0,生活の党,
uh3023,28,兵庫県,28202,尼崎市,378554,184248,179443,50,12,3167,,7,,0,社会民主党,
uh3023,28,兵庫県,28203,明石市,238456,121900,119114,50,12,11744,,5,,0,日本共産党,
uh3023,28,兵庫県,28203,明石市,238456,121900,119114,50,12,24289,,4,,0,日本維新の会,
uh3023,28,兵庫県,28203,明石市,238456,121900,119114,50,12,14339,,3,,0,民主党,
uh3023,28,兵庫県,28203,明石市,238456,121900,119114,50,12,1099,,8,,0,生活の党,
uh3023,28,兵庫県,28203,明石市,238456,121900,119114,50,12,1925,,7,,0,社会民主党,
uh3023,28,兵庫県,28203,明石市,238456,121900,119114,50,12,1060,,10,,0,緑の党グリーンズジャパン,
uh3023,28,兵庫県,28203,明石市,238456,121900,119114,50,12,35457,,1,,0,自由民主党,
uh3023,28,兵庫県,28203,明石市,238456,121900,119114,50,12,572,,11,,0,みどりの風,
uh3023,28,兵庫県,28203,明石市,238456,121900,119114,50,12,8718,,6,,0,みんなの党,
uh3023,28,兵庫県,28203,明石市,238456,121900,119114,50,12,19111,,2,,0,公明党,
uh3023,28,兵庫県,28203,明石市,238456,121900,119114,50,12,408,,12,,0,幸福実現党,
uh3023,28,兵庫県,28203,明石市,238456,121900,119114,50,12,392,,9,,0,新党大地,
uh3023,28,兵庫県,28204,西宮市,381417,208422,203950,50,12,1214,,11,,0,みどりの風,
uh3023,28,兵庫県,28204,西宮市,381417,208422,203950,50,12,19606,,6,,0,みんなの党,
uh3023,28,兵庫県,28204,西宮市,381417,208422,203950,50,12,24234,,2,,0,公明党,
uh3023,28,兵庫県,28204,西宮市,381417,208422,203950,50,12,671,,12,,0,幸福実現党,
uh3023,28,兵庫県,28204,西宮市,381417,208422,203950,50,12,752,,9,,0,新党大地,
uh3023,28,兵庫県,28204,西宮市,381417,208422,203950,50,12,20231,,5,,0,日本共産党,
uh3023,28,兵庫県,28204,西宮市,381417,208422,203950,50,12,47244,,4,,0,日本維新の会,
uh3023,28,兵庫県,28204,西宮市,381417,208422,203950,50,12,20821,,3,,0,民主党,
uh3023,28,兵庫県,28204,西宮市,381417,208422,203950,50,12,2032,,8,,0,生活の党,
uh3023,28,兵庫県,28204,西宮市,381417,208422,203950,50,12,3887,,7,,0,社会民主党,
uh3023,28,兵庫県,28204,西宮市,381417,208422,203950,50,12,2765,,10,,0,緑の党グリーンズジャパン,
uh3023,28,兵庫県,28204,西宮市,381417,208422,203950,50,12,60493,,1,,0,自由民主党,
uh3023,28,兵庫県,28205,洲本市,39185,21121,20450,50,12,148,,10,,0,緑の党グリーンズジャパン,
uh3023,28,兵庫県,28205,洲本市,39185,21121,20450,50,12,7891,,1,,0,自由民主党,
uh3023,28,兵庫県,28205,洲本市,39185,21121,20450,50,12,75,,11,,0,みどりの風,
uh3023,28,兵庫県,28205,洲本市,39185,21121,20450,50,12,1081,,6,,0,みんなの党,
uh3023,28,兵庫県,28205,洲本市,39185,21121,20450,50,12,3405,,2,,0,公明党,
uh3023,28,兵庫県,28205,洲本市,39185,21121,20450,50,12,94,,12,,0,幸福実現党,
uh3023,28,兵庫県,28205,洲本市,39185,21121,20450,50,12,51,,9,,0,新党大地,
uh3023,28,兵庫県,28205,洲本市,39185,21121,20450,50,12,1554,,5,,0,日本共産党,
uh3023,28,兵庫県,28205,洲本市,39185,21121,20450,50,12,3349,,4,,0,日本維新の会,
uh3023,28,兵庫県,28205,洲本市,39185,21121,20450,50,12,2368,,3,,0,民主党,
uh3023,28,兵庫県,28205,洲本市,39185,21121,20450,50,12,150,,8,,0,生活の党,
uh3023,28,兵庫県,28205,洲本市,39185,21121,20450,50,12,282,,7,,0,社会民主党,
uh3023,28,兵庫県,28206,芦屋市,78807,46114,43986,50,12,4196,,5,,0,日本共産党,
uh3023,28,兵庫県,28206,芦屋市,78807,46114,43986,50,12,10183,,4,,0,日本維新の会,
uh3023,28,兵庫県,28206,芦屋市,78807,46114,43986,50,12,4130,,3,,0,民主党,
uh3023,28,兵庫県,28206,芦屋市,78807,46114,43986,50,12,475,,8,,0,生活の党,
uh3023,28,兵庫県,28206,芦屋市,78807,46114,43986,50,12,643,,7,,0,社会民主党,
uh3023,28,兵庫県,28206,芦屋市,78807,46114,43986,50,12,684,,10,,0,緑の党グリーンズジャパン,
uh3023,28,兵庫県,28206,芦屋市,78807,46114,43986,50,12,14860,,1,,0,自由民主党,
uh3023,28,兵庫県,28206,芦屋市,78807,46114,43986,50,12,203,,11,,0,みどりの風,
uh3023,28,兵庫県,28206,芦屋市,78807,46114,43986,50,12,4539,,6,,0,みんなの党,
uh3023,28,兵庫県,28206,芦屋市,78807,46114,43986,50,12,3817,,2,,0,公明党,
uh3023,28,兵庫県,28206,芦屋市,78807,46114,43986,50,12,142,,12,,0,幸福実現党,
uh3023,28,兵庫県,28206,芦屋市,78807,46114,43986,50,12,114,,9,,0,新党大地,
uh3023,28,兵庫県,28207,伊丹市,159201,81464,79539,50,12,345,,11,,0,みどりの風,
uh3023,28,兵庫県,28207,伊丹市,159201,81464,79539,50,12,5903,,6,,0,みんなの党,
uh3023,28,兵庫県,28207,伊丹市,159201,81464,79539,50,12,13058,,2,,0,公明党,
uh3023,28,兵庫県,28207,伊丹市,159201,81464,79539,50,12,269,,12,,0,幸福実現党,
uh3023,28,兵庫県,28207,伊丹市,159201,81464,79539,50,12,247,,9,,0,新党大地,
uh3023,28,兵庫県,28207,伊丹市,159201,81464,79539,50,12,7356,,5,,0,日本共産党,
uh3023,28,兵庫県,28207,伊丹市,159201,81464,79539,50,12,15022,,4,,0,日本維新の会,
uh3023,28,兵庫県,28207,伊丹市,159201,81464,79539,50,12,8906,,3,,0,民主党,
uh3023,28,兵庫県,28207,伊丹市,159201,81464,79539,50,12,722,,8,,0,生活の党,
uh3023,28,兵庫県,28207,伊丹市,159201,81464,79539,50,12,1417,,7,,0,社会民主党,
uh3023,28,兵庫県,28207,伊丹市,159201,81464,79539,50,12,789,,10,,0,緑の党グリーンズジャパン,
uh3023,28,兵庫県,28207,伊丹市,159201,81464,79539,50,12,25505,,1,,0,自由民主党,
uh3023,28,兵庫県,28208,相生市,25720,15047,14446,50,12,113,,10,,0,緑の党グリーンズジャパン,
uh3023,28,兵庫県,28208,相生市,25720,15047,14446,50,12,4786,,1,,0,自由民主党,
uh3023,28,兵庫県,28208,相生市,25720,15047,14446,50,12,42,,11,,0,みどりの風,
uh3023,28,兵庫県,28208,相生市,25720,15047,14446,50,12,784,,6,,0,みんなの党,
uh3023,28,兵庫県,28208,相生市,25720,15047,14446,50,12,2163,,2,,0,公明党,
uh3023,28,兵庫県,28208,相生市,25720,15047,14446,50,12,99,,12,,0,幸福実現党,
uh3023,28,兵庫県,28208,相生市,25720,15047,14446,50,12,39,,9,,0,新党大地,
uh3023,28,兵庫県,28208,相生市,25720,15047,14446,50,12,1053,,5,,0,日本共産党,
uh3023,28,兵庫県,28208,相生市,25720,15047,14446,50,12,2285,,4,,0,日本維新の会,
uh3023,28,兵庫県,28208,相生市,25720,15047,14446,50,12,2800,,3,,0,民主党,
uh3023,28,兵庫県,28208,相生市,25720,15047,14446,50,12,123,,8,,0,生活の党,
uh3023,28,兵庫県,28208,相生市,25720,15047,14446,50,12,160,,7,,0,社会民主党,
uh3023,28,兵庫県,28209,豊岡市,70464,39480,38115,50,12,3200,,5,,0,日本共産党,
uh3023,28,兵庫県,28209,豊岡市,70464,39480,38115,50,12,5274,,4,,0,日本維新の会,
uh3023,28,兵庫県,28209,豊岡市,70464,39480,38115,50,12,6329,,3,,0,民主党,
uh3023,28,兵庫県,28209,豊岡市,70464,39480,38115,50,12,266,,8,,0,生活の党,
uh3023,28,兵庫県,28209,豊岡市,70464,39480,38115,50,12,482,,7,,0,社会民主党,
uh3023,28,兵庫県,28209,豊岡市,70464,39480,38115,50,12,221,,10,,0,緑の党グリーンズジャパン,
uh3023,28,兵庫県,28209,豊岡市,70464,39480,38115,50,12,15342,,1,,0,自由民主党,
uh3023,28,兵庫県,28209,豊岡市,70464,39480,38115,50,12,146,,11,,0,みどりの風,
uh3023,28,兵庫県,28209,豊岡市,70464,39480,38115,50,12,1991,,6,,0,みんなの党,
uh3023,28,兵庫県,28209,豊岡市,70464,39480,38115,50,12,4644,,2,,0,公明党,
uh3023,28,兵庫県,28209,豊岡市,70464,39480,38115,50,12,155,,12,,0,幸福実現党,
uh3023,28,兵庫県,28209,豊岡市,70464,39480,38115,50,12,65,,9,,0,新党大地,
uh3023,28,兵庫県,28210,加古川市,216668,112075,109604,50,12,433,,11,,0,みどりの風,
uh3023,28,兵庫県,28210,加古川市,216668,112075,109604,50,12,7345,,6,,0,みんなの党,
uh3023,28,兵庫県,28210,加古川市,216668,112075,109604,50,12,19967,,2,,0,公明党,
uh3023,28,兵庫県,28210,加古川市,216668,112075,109604,50,12,367,,12,,0,幸福実現党,
uh3023,28,兵庫県,28210,加古川市,216668,112075,109604,50,12,305,,9,,0,新党大地,
uh3023,28,兵庫県,28210,加古川市,216668,112075,109604,50,12,9210,,5,,0,日本共産党,
uh3023,28,兵庫県,28210,加古川市,216668,112075,109604,50,12,20735,,4,,0,日本維新の会,
uh3023,28,兵庫県,28210,加古川市,216668,112075,109604,50,12,15558,,3,,0,民主党,
uh3023,28,兵庫県,28210,加古川市,216668,112075,109604,50,12,924,,8,,0,生活の党,
uh3023,28,兵庫県,28210,加古川市,216668,112075,109604,50,12,1616,,7,,0,社会民主党,
uh3023,28,兵庫県,28210,加古川市,216668,112075,109604,50,12,802,,10,,0,緑の党グリーンズジャパン,
uh3023,28,兵庫県,28210,加古川市,216668,112075,109604,50,12,32341,,1,,0,自由民主党,
uh3023,28,兵庫県,28211,たつの市,64826,36502,35310,50,12,201,,10,,0,緑の党グリーンズジャパン,
uh3023,28,兵庫県,28211,たつの市,64826,36502,35310,50,12,14426,,1,,0,自由民主党,
uh3023,28,兵庫県,28211,たつの市,64826,36502,35310,50,12,91,,11,,0,みどりの風,
uh3023,28,兵庫県,28211,たつの市,64826,36502,35310,50,12,1964,,6,,0,みんなの党,
uh3023,28,兵庫県,28211,たつの市,64826,36502,35310,50,12,4604,,2,,0,公明党,
uh3023,28,兵庫県,28211,たつの市,64826,36502,35310,50,12,270,,12,,0,幸福実現党,
uh3023,28,兵庫県,28211,たつの市,64826,36502,35310,50,12,68,,9,,0,新党大地,
uh3023,28,兵庫県,28211,たつの市,64826,36502,35310,50,12,2165,,5,,0,日本共産党,
uh3023,28,兵庫県,28211,たつの市,64826,36502,35310,50,12,5321,,4,,0,日本維新の会,
uh3023,28,兵庫県,28211,たつの市,64826,36502,35310,50,12,5496,,3,,0,民主党,
uh3023,28,兵庫県,28211,たつの市,64826,36502,35310,50,12,252,,8,,0,生活の党,
uh3023,28,兵庫県,28211,たつの市,64826,36502,35310,50,12,451,,7,,0,社会民主党,
uh3023,28,兵庫県,28212,赤穂市,41147,21522,20839,50,12,1676,,5,,0,日本共産党,
uh3023,28,兵庫県,28212,赤穂市,41147,21522,20839,50,12,3498,,4,,0,日本維新の会,
uh3023,28,兵庫県,28212,赤穂市,41147,21522,20839,50,12,3494,,3,,0,民主党,
uh3023,28,兵庫県,28212,赤穂市,41147,21522,20839,50,12,157,,8,,0,生活の党,
uh3023,28,兵庫県,28212,赤穂市,41147,21522,20839,50,12,233,,7,,0,社会民主党,
uh3023,28,兵庫県,28212,赤穂市,41147,21522,20839,50,12,149,,10,,0,緑の党グリーンズジャパン,
uh3023,28,兵庫県,28212,赤穂市,41147,21522,20839,50,12,7380,,1,,0,自由民主党,
uh3023,28,兵庫県,28212,赤穂市,41147,21522,20839,50,12,75,,11,,0,みどりの風,
uh3023,28,兵庫県,28212,赤穂市,41147,21522,20839,50,12,1216,,6,,0,みんなの党,
uh3023,28,兵庫県,28212,赤穂市,41147,21522,20839,50,12,2787,,2,,0,公明党,
uh3023,28,兵庫県,28212,赤穂市,41147,21522,20839,50,12,116,,12,,0,幸福実現党,
uh3023,28,兵庫県,28212,赤穂市,41147,21522,20839,50,12,58,,9,,0,新党大地,
uh3023,28,兵庫県,28213,西脇市,34899,19554,18866,50,12,52,,11,,0,みどりの風,
uh3023,28,兵庫県,28213,西脇市,34899,19554,18866,50,12,1097,,6,,0,みんなの党,
uh3023,28,兵庫県,28213,西脇市,34899,19554,18866,50,12,3125,,2,,0,公明党,
uh3023,28,兵庫県,28213,西脇市,34899,19554,18866,50,12,61,,12,,0,幸福実現党,
uh3023,28,兵庫県,28213,西脇市,34899,19554,18866,50,12,39,,9,,0,新党大地,
uh3023,28,兵庫県,28213,西脇市,34899,19554,18866,50,12,1200,,5,,0,日本共産党,
uh3023,28,兵庫県,28213,西脇市,34899,19554,18866,50,12,3324,,4,,0,日本維新の会,
uh3023,28,兵庫県,28213,西脇市,34899,19554,18866,50,12,2471,,3,,0,民主党,
uh3023,28,兵庫県,28213,西脇市,34899,19554,18866,50,12,156,,8,,0,生活の党,
uh3023,28,兵庫県,28213,西脇市,34899,19554,18866,50,12,240,,7,,0,社会民主党,
uh3023,28,兵庫県,28213,西脇市,34899,19554,18866,50,12,128,,10,,0,緑の党グリーンズジャパン,
uh3023,28,兵庫県,28213,西脇市,34899,19554,18866,50,12,6972,,1,,0,自由民主党,
uh3023,28,兵庫県,28214,宝塚市,187960,100681,98563,50,12,1186,,10,,0,緑の党グリーンズジャパン,
uh3023,28,兵庫県,28214,宝塚市,187960,100681,98563,50,12,31445,,1,,0,自由民主党,
uh3023,28,兵庫県,28214,宝塚市,187960,100681,98563,50,12,573,,11,,0,みどりの風,
uh3023,28,兵庫県,28214,宝塚市,187960,100681,98563,50,12,8696,,6,,0,みんなの党,
uh3023,28,兵庫県,28214,宝塚市,187960,100681,98563,50,12,10500,,2,,0,公明党,
uh3023,28,兵庫県,28214,宝塚市,187960,100681,98563,50,12,303,,12,,0,幸福実現党,
uh3023,28,兵庫県,28214,宝塚市,187960,100681,98563,50,12,355,,9,,0,新党大地,
uh3023,28,兵庫県,28214,宝塚市,187960,100681,98563,50,12,10018,,5,,0,日本共産党,
uh3023,28,兵庫県,28214,宝塚市,187960,100681,98563,50,12,21314,,4,,0,日本維新の会,
uh3023,28,兵庫県,28214,宝塚市,187960,100681,98563,50,12,10873,,3,,0,民主党,
uh3023,28,兵庫県,28214,宝塚市,187960,100681,98563,50,12,956,,8,,0,生活の党,
uh3023,28,兵庫県,28214,宝塚市,187960,100681,98563,50,12,2344,,7,,0,社会民主党,
uh3023,28,兵庫県,28215,三木市,66348,35097,34197,50,12,2834,,5,,0,日本共産党,
uh3023,28,兵庫県,28215,三木市,66348,35097,34197,50,12,6478,,4,,0,日本維新の会,
uh3023,28,兵庫県,28215,三木市,66348,35097,34197,50,12,4161,,3,,0,民主党,
uh3023,28,兵庫県,28215,三木市,66348,35097,34197,50,12,287,,8,,0,生活の党,
uh3023,28,兵庫県,28215,三木市,66348,35097,34197,50,12,509,,7,,0,社会民主党,
uh3023,28,兵庫県,28215,三木市,66348,35097,34197,50,12,273,,10,,0,緑の党グリーンズジャパン,
uh3023,28,兵庫県,28215,三木市,66348,35097,34197,50,12,11266,,1,,0,自由民主党,
uh3023,28,兵庫県,28215,三木市,66348,35097,34197,50,12,126,,11,,0,みどりの風,
uh3023,28,兵庫県,28215,三木市,66348,35097,34197,50,12,2211,,6,,0,みんなの党,
uh3023,28,兵庫県,28215,三木市,66348,35097,34197,50,12,5772,,2,,0,公明党,
uh3023,28,兵庫県,28215,三木市,66348,35097,34197,50,12,187,,12,,0,幸福実現党,
uh3023,28,兵庫県,28215,三木市,66348,35097,34197,50,12,94,,9,,0,新党大地,
uh3023,28,兵庫県,28216,高砂市,75843,39306,38186,50,12,23,,11,,0,みどりの風,
uh3023,28,兵庫県,28216,高砂市,75843,39306,38186,50,12,2393,,6,,0,みんなの党,
uh3023,28,兵庫県,28216,高砂市,75843,39306,38186,50,12,7383,,2,,0,公明党,
uh3023,28,兵庫県,28216,高砂市,75843,39306,38186,50,12,150,,12,,0,幸福実現党,
uh3023,28,兵庫県,28216,高砂市,75843,39306,38186,50,12,105,,9,,0,新党大地,
uh3023,28,兵庫県,28216,高砂市,75843,39306,38186,50,12,2870,,5,,0,日本共産党,
uh3023,28,兵庫県,28216,高砂市,75843,39306,38186,50,12,6938,,4,,0,日本維新の会,
uh3023,28,兵庫県,28216,高砂市,75843,39306,38186,50,12,5919,,3,,0,民主党,
uh3023,28,兵庫県,28216,高砂市,75843,39306,38186,50,12,298,,8,,0,生活の党,
uh3023,28,兵庫県,28216,高砂市,75843,39306,38186,50,12,638,,7,,0,社会民主党,
uh3023,28,兵庫県,28216,高砂市,75843,39306,38186,50,12,467,,10,,0,緑の党グリーンズジャパン,
uh3023,28,兵庫県,28216,高砂市,75843,39306,38186,50,12,11002,,1,,0,自由民主党,
uh3023,28,兵庫県,28217,川西市,131284,74840,73385,50,12,738,,10,,0,緑の党グリーンズジャパン,
uh3023,28,兵庫県,28217,川西市,131284,74840,73385,50,12,22795,,1,,0,自由民主党,
uh3023,28,兵庫県,28217,川西市,131284,74840,73385,50,12,380,,11,,0,みどりの風,
uh3023,28,兵庫県,28217,川西市,131284,74840,73385,50,12,5463,,6,,0,みんなの党,
uh3023,28,兵庫県,28217,川西市,131284,74840,73385,50,12,9610,,2,,0,公明党,
uh3023,28,兵庫県,28217,川西市,131284,74840,73385,50,12,193,,12,,0,幸福実現党,
uh3023,28,兵庫県,28217,川西市,131284,74840,73385,50,12,180,,9,,0,新党大地,
uh3023,28,兵庫県,28217,川西市,131284,74840,73385,50,12,6699,,5,,0,日本共産党,
uh3023,28,兵庫県,28217,川西市,131284,74840,73385,50,12,16688,,4,,0,日本維新の会,
uh3023,28,兵庫県,28217,川西市,131284,74840,73385,50,12,8453,,3,,0,民主党,
uh3023,28,兵庫県,28217,川西市,131284,74840,73385,50,12,638,,8,,0,生活の党,
uh3023,28,兵庫県,28217,川西市,131284,74840,73385,50,12,1548,,7,,0,社会民主党,
uh3023,28,兵庫県,28218,小野市,39484,20548,19993,50,12,1460,,5,,0,日本共産党,
uh3023,28,兵庫県,28218,小野市,39484,20548,19993,50,12,3609,,4,,0,日本維新の会,
uh3023,28,兵庫県,28218,小野市,39484,20548,19993,50,12,2439,,3,,0,民主党,
uh3023,28,兵庫県,28218,小野市,39484,20548,19993,50,12,151,,8,,0,生活の党,
uh3023,28,兵庫県,28218,小野市,39484,20548,19993,50,12,246,,7,,0,社会民主党,
uh3023,28,兵庫県,28218,小野市,39484,20548,19993,50,12,142,,10,,0,緑の党グリーンズジャパン,
uh3023,28,兵庫県,28218,小野市,39484,20548,19993,50,12,6576,,1,,0,自由民主党,
uh3023,28,兵庫県,28218,小野市,39484,20548,19993,50,12,60,,11,,0,みどりの風,
uh3023,28,兵庫県,28218,小野市,39484,20548,19993,50,12,1346,,6,,0,みんなの党,
uh3023,28,兵庫県,28218,小野市,39484,20548,19993,50,12,3845,,2,,0,公明党,
uh3023,28,兵庫県,28218,小野市,39484,20548,19993,50,12,70,,12,,0,幸福実現党,
uh3023,28,兵庫県,28218,小野市,39484,20548,19993,50,12,49,,9,,0,新党大地,
uh3023,28,兵庫県,28219,三田市,91163,49560,48697,50,12,312,,11,,0,みどりの風,
uh3023,28,兵庫県,28219,三田市,91163,49560,48697,50,12,4037,,6,,0,みんなの党,
uh3023,28,兵庫県,28219,三田市,91163,49560,48697,50,12,5869,,2,,0,公明党,
uh3023,28,兵庫県,28219,三田市,91163,49560,48697,50,12,158,,12,,0,幸福実現党,
uh3023,28,兵庫県,28219,三田市,91163,49560,48697,50,12,160,,9,,0,新党大地,
uh3023,28,兵庫県,28219,三田市,91163,49560,48697,50,12,4413,,5,,0,日本共産党,
uh3023,28,兵庫県,28219,三田市,91163,49560,48697,50,12,10266,,4,,0,日本維新の会,
uh3023,28,兵庫県,28219,三田市,91163,49560,48697,50,12,6899,,3,,0,民主党,
uh3023,28,兵庫県,28219,三田市,91163,49560,48697,50,12,459,,8,,0,生活の党,
uh3023,28,兵庫県,28219,三田市,91163,49560,48697,50,12,745,,7,,0,社会民主党,
uh3023,28,兵庫県,28219,三田市,91163,49560,48697,50,12,469,,10,,0,緑の党グリーンズジャパン,
uh3023,28,兵庫県,28219,三田市,91163,49560,48697,50,12,14910,,1,,0,自由民主党,
uh3023,28,兵庫県,28220,加西市,38012,20702,19970,50,12,140,,10,,0,緑の党グリーンズジャパン,
uh3023,28,兵庫県,28220,加西市,38012,20702,19970,50,12,7157,,1,,0,自由民主党,
uh3023,28,兵庫県,28220,加西市,38012,20702,19970,50,12,114,,11,,0,みどりの風,
uh3023,28,兵庫県,28220,加西市,38012,20702,19970,50,12,1353,,6,,0,みんなの党,
uh3023,28,兵庫県,28220,加西市,38012,20702,19970,50,12,3178,,2,,0,公明党,
uh3023,28,兵庫県,28220,加西市,38012,20702,19970,50,12,88,,12,,0,幸福実現党,
uh3023,28,兵庫県,28220,加西市,38012,20702,19970,50,12,48,,9,,0,新党大地,
uh3023,28,兵庫県,28220,加西市,38012,20702,19970,50,12,1372,,5,,0,日本共産党,
uh3023,28,兵庫県,28220,加西市,38012,20702,19970,50,12,3400,,4,,0,日本維新の会,
uh3023,28,兵庫県,28220,加西市,38012,20702,19970,50,12,2693,,3,,0,民主党,
uh3023,28,兵庫県,28220,加西市,38012,20702,19970,50,12,143,,8,,0,生活の党,
uh3023,28,兵庫県,28220,加西市,38012,20702,19970,50,12,284,,7,,0,社会民主党,
uh3023,28,兵庫県,28221,篠山市,36114,21561,20682,50,12,1665,,5,,0,日本共産党,
uh3023,28,兵庫県,28221,篠山市,36114,21561,20682,50,12,3157,,4,,0,日本維新の会,
uh3023,28,兵庫県,28221,篠山市,36114,21561,20682,50,12,3959,,3,,0,民主党,
uh3023,28,兵庫県,28221,篠山市,36114,21561,20682,50,12,144,,8,,0,生活の党,
uh3023,28,兵庫県,28221,篠山市,36114,21561,20682,50,12,348,,7,,0,社会民主党,
uh3023,28,兵庫県,28221,篠山市,36114,21561,20682,50,12,241,,10,,0,緑の党グリーンズジャパン,
uh3023,28,兵庫県,28221,篠山市,36114,21561,20682,50,12,6988,,1,,0,自由民主党,
uh3023,28,兵庫県,28221,篠山市,36114,21561,20682,50,12,119,,11,,0,みどりの風,
uh3023,28,兵庫県,28221,篠山市,36114,21561,20682,50,12,1122,,6,,0,みんなの党,
uh3023,28,兵庫県,28221,篠山市,36114,21561,20682,50,12,2787,,2,,0,公明党,
uh3023,28,兵庫県,28221,篠山市,36114,21561,20682,50,12,87,,12,,0,幸福実現党,
uh3023,28,兵庫県,28221,篠山市,36114,21561,20682,50,12,65,,9,,0,新党大地,
uh3023,28,兵庫県,28222,養父市,21709,14614,14058,50,12,70,,11,,0,みどりの風,
uh3023,28,兵庫県,28222,養父市,21709,14614,14058,50,12,709,,6,,0,みんなの党,
uh3023,28,兵庫県,28222,養父市,21709,14614,14058,50,12,1907,,2,,0,公明党,
uh3023,28,兵庫県,28222,養父市,21709,14614,14058,50,12,47,,12,,0,幸福実現党,
uh3023,28,兵庫県,28222,養父市,21709,14614,14058,50,12,32,,9,,0,新党大地,
uh3023,28,兵庫県,28222,養父市,21709,14614,14058,50,12,1142,,5,,0,日本共産党,
uh3023,28,兵庫県,28222,養父市,21709,14614,14058,50,12,1692,,4,,0,日本維新の会,
uh3023,28,兵庫県,28222,養父市,21709,14614,14058,50,12,2603,,3,,0,民主党,
uh3023,28,兵庫県,28222,養父市,21709,14614,14058,50,12,89,,8,,0,生活の党,
uh3023,28,兵庫県,28222,養父市,21709,14614,14058,50,12,171,,7,,0,社会民主党,
uh3023,28,兵庫県,28222,養父市,21709,14614,14058,50,12,90,,10,,0,緑の党グリーンズジャパン,
uh3023,28,兵庫県,28222,養父市,21709,14614,14058,50,12,5506,,1,,0,自由民主党,
uh3023,28,兵庫県,28223,丹波市,55494,31876,30889,50,12,257,,10,,0,緑の党グリーンズジャパン,
uh3023,28,兵庫県,28223,丹波市,55494,31876,30889,50,12,10685,,1,,0,自由民主党,
uh3023,28,兵庫県,28223,丹波市,55494,31876,30889,50,12,128,,11,,0,みどりの風,
uh3023,28,兵庫県,28223,丹波市,55494,31876,30889,50,12,1617,,6,,0,みんなの党,
uh3023,28,兵庫県,28223,丹波市,55494,31876,30889,50,12,4456,,2,,0,公明党,
uh3023,28,兵庫県,28223,丹波市,55494,31876,30889,50,12,180,,12,,0,幸福実現党,
uh3023,28,兵庫県,28223,丹波市,55494,31876,30889,50,12,73,,9,,0,新党大地,
uh3023,28,兵庫県,28223,丹波市,55494,31876,30889,50,12,2677,,5,,0,日本共産党,
uh3023,28,兵庫県,28223,丹波市,55494,31876,30889,50,12,4531,,4,,0,日本維新の会,
uh3023,28,兵庫県,28223,丹波市,55494,31876,30889,50,12,5578,,3,,0,民主党,
uh3023,28,兵庫県,28223,丹波市,55494,31876,30889,50,12,253,,8,,0,生活の党,
uh3023,28,兵庫県,28223,丹波市,55494,31876,30889,50,12,454,,7,,0,社会民主党,
uh3023,28,兵庫県,28224,南あわじ市,41698,23351,22349,50,12,1497,,5,,0,日本共産党,
uh3023,28,兵庫県,28224,南あわじ市,41698,23351,22349,50,12,3543,,4,,0,日本維新の会,
uh3023,28,兵庫県,28224,南あわじ市,41698,23351,22349,50,12,2563,,3,,0,民主党,
uh3023,28,兵庫県,28224,南あわじ市,41698,23351,22349,50,12,166,,8,,0,生活の党,
uh3023,28,兵庫県,28224,南あわじ市,41698,23351,22349,50,12,246,,7,,0,社会民主党,
uh3023,28,兵庫県,28224,南あわじ市,41698,23351,22349,50,12,142,,10,,0,緑の党グリーンズジャパン,
uh3023,28,兵庫県,28224,南あわじ市,41698,23351,22349,50,12,9592,,1,,0,自由民主党,
uh3023,28,兵庫県,28224,南あわじ市,41698,23351,22349,50,12,68,,11,,0,みどりの風,
uh3023,28,兵庫県,28224,南あわじ市,41698,23351,22349,50,12,1089,,6,,0,みんなの党,
uh3023,28,兵庫県,28224,南あわじ市,41698,23351,22349,50,12,3278,,2,,0,公明党,
uh3023,28,兵庫県,28224,南あわじ市,41698,23351,22349,50,12,91,,12,,0,幸福実現党,
uh3023,28,兵庫県,28224,南あわじ市,41698,23351,22349,50,12,73,,9,,0,新党大地,
uh3023,28,兵庫県,28225,朝来市,27086,17083,16438,50,12,46,,11,,0,みどりの風,
uh3023,28,兵庫県,28225,朝来市,27086,17083,16438,50,12,855,,6,,0,みんなの党,
uh3023,28,兵庫県,28225,朝来市,27086,17083,16438,50,12,2302,,2,,0,公明党,
uh3023,28,兵庫県,28225,朝来市,27086,17083,16438,50,12,99,,12,,0,幸福実現党,
uh3023,28,兵庫県,28225,朝来市,27086,17083,16438,50,12,31,,9,,0,新党大地,
uh3023,28,兵庫県,28225,朝来市,27086,17083,16438,50,12,1287,,5,,0,日本共産党,
uh3023,28,兵庫県,28225,朝来市,27086,17083,16438,50,12,2318,,4,,0,日本維新の会,
uh3023,28,兵庫県,28225,朝来市,27086,17083,16438,50,12,2825,,3,,0,民主党,
uh3023,28,兵庫県,28225,朝来市,27086,17083,16438,50,12,134,,8,,0,生活の党,
uh3023,28,兵庫県,28225,朝来市,27086,17083,16438,50,12,261,,7,,0,社会民主党,
uh3023,28,兵庫県,28225,朝来市,27086,17083,16438,50,12,104,,10,,0,緑の党グリーンズジャパン,
uh3023,28,兵庫県,28225,朝来市,27086,17083,16438,50,12,6176,,1,,0,自由民主党,
uh3023,28,兵庫県,28226,淡路市,39624,26463,25080,50,12,157,,10,,0,緑の党グリーンズジャパン,
uh3023,28,兵庫県,28226,淡路市,39624,26463,25080,50,12,10937,,1,,0,自由民主党,
uh3023,28,兵庫県,28226,淡路市,39624,26463,25080,50,12,73,,11,,0,みどりの風,
uh3023,28,兵庫県,28226,淡路市,39624,26463,25080,50,12,1292,,6,,0,みんなの党,
uh3023,28,兵庫県,28226,淡路市,39624,26463,25080,50,12,3078,,2,,0,公明党,
uh3023,28,兵庫県,28226,淡路市,39624,26463,25080,50,12,92,,12,,0,幸福実現党,
uh3023,28,兵庫県,28226,淡路市,39624,26463,25080,50,12,64,,9,,0,新党大地,
uh3023,28,兵庫県,28226,淡路市,39624,26463,25080,50,12,1934,,5,,0,日本共産党,
uh3023,28,兵庫県,28226,淡路市,39624,26463,25080,50,12,4015,,4,,0,日本維新の会,
uh3023,28,兵庫県,28226,淡路市,39624,26463,25080,50,12,2903,,3,,0,民主党,
uh3023,28,兵庫県,28226,淡路市,39624,26463,25080,50,12,203,,8,,0,生活の党,
uh3023,28,兵庫県,28226,淡路市,39624,26463,25080,50,12,333,,7,,0,社会民主党,
uh3023,28,兵庫県,28227,宍粟市,34070,20227,19437,50,12,1438,,5,,0,日本共産党,
uh3023,28,兵庫県,28227,宍粟市,34070,20227,19437,50,12,2657,,4,,0,日本維新の会,
uh3023,28,兵庫県,28227,宍粟市,34070,20227,19437,50,12,3531,,3,,0,民主党,
uh3023,28,兵庫県,28227,宍粟市,34070,20227,19437,50,12,148,,8,,0,生活の党,
uh3023,28,兵庫県,28227,宍粟市,34070,20227,19437,50,12,285,,7,,0,社会民主党,
uh3023,28,兵庫県,28227,宍粟市,34070,20227,19437,50,12,133,,10,,0,緑の党グリーンズジャパン,
uh3023,28,兵庫県,28227,宍粟市,34070,20227,19437,50,12,6874,,1,,0,自由民主党,
uh3023,28,兵庫県,28227,宍粟市,34070,20227,19437,50,12,53,,11,,0,みどりの風,
uh3023,28,兵庫県,28227,宍粟市,34070,20227,19437,50,12,980,,6,,0,みんなの党,
uh3023,28,兵庫県,28227,宍粟市,34070,20227,19437,50,12,3222,,2,,0,公明党,
uh3023,28,兵庫県,28227,宍粟市,34070,20227,19437,50,12,75,,12,,0,幸福実現党,
uh3023,28,兵庫県,28227,宍粟市,34070,20227,19437,50,12,41,,9,,0,新党大地,
uh3023,28,兵庫県,28228,加東市,31868,16797,16350,50,12,82,,11,,0,みどりの風,
uh3023,28,兵庫県,28228,加東市,31868,16797,16350,50,12,1065,,6,,0,みんなの党,
uh3023,28,兵庫県,28228,加東市,31868,16797,16350,50,12,2219,,2,,0,公明党,
uh3023,28,兵庫県,28228,加東市,31868,16797,16350,50,12,78,,12,,0,幸福実現党,
uh3023,28,兵庫県,28228,加東市,31868,16797,16350,50,12,45,,9,,0,新党大地,
uh3023,28,兵庫県,28228,加東市,31868,16797,16350,50,12,962,,5,,0,日本共産党,
uh3023,28,兵庫県,28228,加東市,31868,16797,16350,50,12,2946,,4,,0,日本維新の会,
uh3023,28,兵庫県,28228,加東市,31868,16797,16350,50,12,2136,,3,,0,民主党,
uh3023,28,兵庫県,28228,加東市,31868,16797,16350,50,12,131,,8,,0,生活の党,
uh3023,28,兵庫県,28228,加東市,31868,16797,16350,50,12,243,,7,,0,社会民主党,
uh3023,28,兵庫県,28228,加東市,31868,16797,16350,50,12,142,,10,,0,緑の党グリーンズジャパン,
uh3023,28,兵庫県,28228,加東市,31868,16797,16350,50,12,6301,,1,,0,自由民主党,
uh3023,28,兵庫県,28301,猪名川町,25349,14219,13477,50,12,167,,10,,0,緑の党グリーンズジャパン,
uh3023,28,兵庫県,28301,猪名川町,25349,14219,13477,50,12,4314,,1,,0,自由民主党,
uh3023,28,兵庫県,28301,猪名川町,25349,14219,13477,50,12,52,,11,,0,みどりの風,
uh3023,28,兵庫県,28301,猪名川町,25349,14219,13477,50,12,1050,,6,,0,みんなの党,
uh3023,28,兵庫県,28301,猪名川町,25349,14219,13477,50,12,1653,,2,,0,公明党,
uh3023,28,兵庫県,28301,猪名川町,25349,14219,13477,50,12,41,,12,,0,幸福実現党,
uh3023,28,兵庫県,28301,猪名川町,25349,14219,13477,50,12,29,,9,,0,新党大地,
uh3023,28,兵庫県,28301,猪名川町,25349,14219,13477,50,12,1196,,5,,0,日本共産党,
uh3023,28,兵庫県,28301,猪名川町,25349,14219,13477,50,12,3014,,4,,0,日本維新の会,
uh3023,28,兵庫県,28301,猪名川町,25349,14219,13477,50,12,1641,,3,,0,民主党,
uh3023,28,兵庫県,28301,猪名川町,25349,14219,13477,50,12,97,,8,,0,生活の党,
uh3023,28,兵庫県,28301,猪名川町,25349,14219,13477,50,12,223,,7,,0,社会民主党,
uh3023,28,兵庫県,28365,多可町,18582,10714,10267,50,12,786,,5,,0,日本共産党,
uh3023,28,兵庫県,28365,多可町,18582,10714,10267,50,12,1462,,4,,0,日本維新の会,
uh3023,28,兵庫県,28365,多可町,18582,10714,10267,50,12,1524,,3,,0,民主党,
uh3023,28,兵庫県,28365,多可町,18582,10714,10267,50,12,64,,8,,0,生活の党,
uh3023,28,兵庫県,28365,多可町,18582,10714,10267,50,12,139,,7,,0,社会民主党,
uh3023,28,兵庫県,28365,多可町,18582,10714,10267,50,12,63,,10,,0,緑の党グリーンズジャパン,
uh3023,28,兵庫県,28365,多可町,18582,10714,10267,50,12,4317,,1,,0,自由民主党,
uh3023,28,兵庫県,28365,多可町,18582,10714,10267,50,12,29,,11,,0,みどりの風,
uh3023,28,兵庫県,28365,多可町,18582,10714,10267,50,12,592,,6,,0,みんなの党,
uh3023,28,兵庫県,28365,多可町,18582,10714,10267,50,12,1214,,2,,0,公明党,
uh3023,28,兵庫県,28365,多可町,18582,10714,10267,50,12,53,,12,,0,幸福実現党,
uh3023,28,兵庫県,28365,多可町,18582,10714,10267,50,12,22,,9,,0,新党大地,
uh3023,28,兵庫県,28381,稲美町,25863,13810,13180,50,12,60,,11,,0,みどりの風,
uh3023,28,兵庫県,28381,稲美町,25863,13810,13180,50,12,849,,6,,0,みんなの党,
uh3023,28,兵庫県,28381,稲美町,25863,13810,13180,50,12,2125,,2,,0,公明党,
uh3023,28,兵庫県,28381,稲美町,25863,13810,13180,50,12,59,,12,,0,幸福実現党,
uh3023,28,兵庫県,28381,稲美町,25863,13810,13180,50,12,25,,9,,0,新党大地,
uh3023,28,兵庫県,28381,稲美町,25863,13810,13180,50,12,936,,5,,0,日本共産党,
uh3023,28,兵庫県,28381,稲美町,25863,13810,13180,50,12,2371,,4,,0,日本維新の会,
uh3023,28,兵庫県,28381,稲美町,25863,13810,13180,50,12,1963,,3,,0,民主党,
uh3023,28,兵庫県,28381,稲美町,25863,13810,13180,50,12,110,,8,,0,生活の党,
uh3023,28,兵庫県,28381,稲美町,25863,13810,13180,50,12,158,,7,,0,社会民主党,
uh3023,28,兵庫県,28381,稲美町,25863,13810,13180,50,12,108,,10,,0,緑の党グリーンズジャパン,
uh3023,28,兵庫県,28381,稲美町,25863,13810,13180,50,12,4416,,1,,0,自由民主党,
uh3023,28,兵庫県,28382,播磨町,27744,14534,14088,50,12,137,,10,,0,緑の党グリーンズジャパン,
uh3023,28,兵庫県,28382,播磨町,27744,14534,14088,50,12,4069,,1,,0,自由民主党,
uh3023,28,兵庫県,28382,播磨町,27744,14534,14088,50,12,43,,11,,0,みどりの風,
uh3023,28,兵庫県,28382,播磨町,27744,14534,14088,50,12,915,,6,,0,みんなの党,
uh3023,28,兵庫県,28382,播磨町,27744,14534,14088,50,12,2336,,2,,0,公明党,
uh3023,28,兵庫県,28382,播磨町,27744,14534,14088,50,12,39,,12,,0,幸福実現党,
uh3023,28,兵庫県,28382,播磨町,27744,14534,14088,50,12,37,,9,,0,新党大地,
uh3023,28,兵庫県,28382,播磨町,27744,14534,14088,50,12,1353,,5,,0,日本共産党,
uh3023,28,兵庫県,28382,播磨町,27744,14534,14088,50,12,2757,,4,,0,日本維新の会,
uh3023,28,兵庫県,28382,播磨町,27744,14534,14088,50,12,2040,,3,,0,民主党,
uh3023,28,兵庫県,28382,播磨町,27744,14534,14088,50,12,127,,8,,0,生活の党,
uh3023,28,兵庫県,28382,播磨町,27744,14534,14088,50,12,235,,7,,0,社会民主党,
uh3023,28,兵庫県,28442,市川町,11113,6679,6433,50,12,524,,5,,0,日本共産党,
uh3023,28,兵庫県,28442,市川町,11113,6679,6433,50,12,879,,4,,0,日本維新の会,
uh3023,28,兵庫県,28442,市川町,11113,6679,6433,50,12,1170,,3,,0,民主党,
uh3023,28,兵庫県,28442,市川町,11113,6679,6433,50,12,50,,8,,0,生活の党,
uh3023,28,兵庫県,28442,市川町,11113,6679,6433,50,12,88,,7,,0,社会民主党,
uh3023,28,兵庫県,28442,市川町,11113,6679,6433,50,12,52,,10,,0,緑の党グリーンズジャパン,
uh3023,28,兵庫県,28442,市川町,11113,6679,6433,50,12,2053,,1,,0,自由民主党,
uh3023,28,兵庫県,28442,市川町,11113,6679,6433,50,12,27,,11,,0,みどりの風,
uh3023,28,兵庫県,28442,市川町,11113,6679,6433,50,12,362,,6,,0,みんなの党,
uh3023,28,兵庫県,28442,市川町,11113,6679,6433,50,12,1175,,2,,0,公明党,
uh3023,28,兵庫県,28442,市川町,11113,6679,6433,50,12,32,,12,,0,幸福実現党,
uh3023,28,兵庫県,28442,市川町,11113,6679,6433,50,12,20,,9,,0,新党大地,
uh3023,28,兵庫県,28443,福崎町,15425,8873,8555,50,12,27,,11,,0,みどりの風,
uh3023,28,兵庫県,28443,福崎町,15425,8873,8555,50,12,560,,6,,0,みんなの党,
uh3023,28,兵庫県,28443,福崎町,15425,8873,8555,50,12,1239,,2,,0,公明党,
uh3023,28,兵庫県,28443,福崎町,15425,8873,8555,50,12,34,,12,,0,幸福実現党,
uh3023,28,兵庫県,28443,福崎町,15425,8873,8555,50,12,16,,9,,0,新党大地,
uh3023,28,兵庫県,28443,福崎町,15425,8873,8555,50,12,709,,5,,0,日本共産党,
uh3023,28,兵庫県,28443,福崎町,15425,8873,8555,50,12,1308,,4,,0,日本維新の会,
uh3023,28,兵庫県,28443,福崎町,15425,8873,8555,50,12,1344,,3,,0,民主党,
uh3023,28,兵庫県,28443,福崎町,15425,8873,8555,50,12,60,,8,,0,生活の党,
uh3023,28,兵庫県,28443,福崎町,15425,8873,8555,50,12,91,,7,,0,社会民主党,
uh3023,28,兵庫県,28443,福崎町,15425,8873,8555,50,12,48,,10,,0,緑の党グリーンズジャパン,
uh3023,28,兵庫県,28443,福崎町,15425,8873,8555,50,12,3118,,1,,0,自由民主党,
uh3023,28,兵庫県,28446,神河町,10207,7474,7222,50,12,38,,10,,0,緑の党グリーンズジャパン,
uh3023,28,兵庫県,28446,神河町,10207,7474,7222,50,12,2954,,1,,0,自由民主党,
uh3023,28,兵庫県,28446,神河町,10207,7474,7222,50,12,26,,11,,0,みどりの風,
uh3023,28,兵庫県,28446,神河町,10207,7474,7222,50,12,406,,6,,0,みんなの党,
uh3023,28,兵庫県,28446,神河町,10207,7474,7222,50,12,840,,2,,0,公明党,
uh3023,28,兵庫県,28446,神河町,10207,7474,7222,50,12,25,,12,,0,幸福実現党,
uh3023,28,兵庫県,28446,神河町,10207,7474,7222,50,12,10,,9,,0,新党大地,
uh3023,28,兵庫県,28446,神河町,10207,7474,7222,50,12,376,,5,,0,日本共産党,
uh3023,28,兵庫県,28446,神河町,10207,7474,7222,50,12,920,,4,,0,日本維新の会,
uh3023,28,兵庫県,28446,神河町,10207,7474,7222,50,12,1468,,3,,0,民主党,
uh3023,28,兵庫県,28446,神河町,10207,7474,7222,50,12,48,,8,,0,生活の党,
uh3023,28,兵庫県,28446,神河町,10207,7474,7222,50,12,111,,7,,0,社会民主党,
uh3023,28,兵庫県,28464,太子町,26936,15071,14564,50,12,945,,5,,0,日本共産党,
uh3023,28,兵庫県,28464,太子町,26936,15071,14564,50,12,2498,,4,,0,日本維新の会,
uh3023,28,兵庫県,28464,太子町,26936,15071,14564,50,12,2506,,3,,0,民主党,
uh3023,28,兵庫県,28464,太子町,26936,15071,14564,50,12,119,,8,,0,生活の党,
uh3023,28,兵庫県,28464,太子町,26936,15071,14564,50,12,187,,7,,0,社会民主党,
uh3023,28,兵庫県,28464,太子町,26936,15071,14564,50,12,70,,10,,0,緑の党グリーンズジャパン,
uh3023,28,兵庫県,28464,太子町,26936,15071,14564,50,12,5038,,1,,0,自由民主党,
uh3023,28,兵庫県,28464,太子町,26936,15071,14564,50,12,58,,11,,0,みどりの風,
uh3023,28,兵庫県,28464,太子町,26936,15071,14564,50,12,920,,6,,0,みんなの党,
uh3023,28,兵庫県,28464,太子町,26936,15071,14564,50,12,2104,,2,,0,公明党,
uh3023,28,兵庫県,28464,太子町,26936,15071,14564,50,12,86,,12,,0,幸福実現党,
uh3023,28,兵庫県,28464,太子町,26936,15071,14564,50,12,33,,9,,0,新党大地,
uh3023,28,兵庫県,28481,上郡町,13836,10289,9740,50,12,37,,11,,0,みどりの風,
uh3023,28,兵庫県,28481,上郡町,13836,10289,9740,50,12,571,,6,,0,みんなの党,
uh3023,28,兵庫県,28481,上郡町,13836,10289,9740,50,12,1307,,2,,0,公明党,
uh3023,28,兵庫県,28481,上郡町,13836,10289,9740,50,12,36,,12,,0,幸福実現党,
uh3023,28,兵庫県,28481,上郡町,13836,10289,9740,50,12,24,,9,,0,新党大地,
uh3023,28,兵庫県,28481,上郡町,13836,10289,9740,50,12,568,,5,,0,日本共産党,
uh3023,28,兵庫県,28481,上郡町,13836,10289,9740,50,12,1613,,4,,0,日本維新の会,
uh3023,28,兵庫県,28481,上郡町,13836,10289,9740,50,12,1522,,3,,0,民主党,
uh3023,28,兵庫県,28481,上郡町,13836,10289,9740,50,12,61,,8,,0,生活の党,
uh3023,28,兵庫県,28481,上郡町,13836,10289,9740,50,12,108,,7,,0,社会民主党,
uh3023,28,兵庫県,28481,上郡町,13836,10289,9740,50,12,52,,10,,0,緑の党グリーンズジャパン,
uh3023,28,兵庫県,28481,上郡町,13836,10289,9740,50,12,3840,,1,,0,自由民主党,
uh3023,28,兵庫県,28501,佐用町,16103,10634,10256,50,12,70,,10,,0,緑の党グリーンズジャパン,
uh3023,28,兵庫県,28501,佐用町,16103,10634,10256,50,12,3877,,1,,0,自由民主党,
uh3023,28,兵庫県,28501,佐用町,16103,10634,10256,50,12,31,,11,,0,みどりの風,
uh3023,28,兵庫県,28501,佐用町,16103,10634,10256,50,12,533,,6,,0,みんなの党,
uh3023,28,兵庫県,28501,佐用町,16103,10634,10256,50,12,1619,,2,,0,公明党,
uh3023,28,兵庫県,28501,佐用町,16103,10634,10256,50,12,46,,12,,0,幸福実現党,
uh3023,28,兵庫県,28501,佐用町,16103,10634,10256,50,12,23,,9,,0,新党大地,
uh3023,28,兵庫県,28501,佐用町,16103,10634,10256,50,12,874,,5,,0,日本共産党,
uh3023,28,兵庫県,28501,佐用町,16103,10634,10256,50,12,1248,,4,,0,日本維新の会,
uh3023,28,兵庫県,28501,佐用町,16103,10634,10256,50,12,1704,,3,,0,民主党,
uh3023,28,兵庫県,28501,佐用町,16103,10634,10256,50,12,69,,8,,0,生活の党,
uh3023,28,兵庫県,28501,佐用町,16103,10634,10256,50,12,162,,7,,0,社会民主党,
uh3023,28,兵庫県,28585,香美町,16594,11108,10617,50,12,752,,5,,0,日本共産党,
uh3023,28,兵庫県,28585,香美町,16594,11108,10617,50,12,1087,,4,,0,日本維新の会,
uh3023,28,兵庫県,28585,香美町,16594,11108,10617,50,12,1812,,3,,0,民主党,
uh3023,28,兵庫県,28585,香美町,16594,11108,10617,50,12,75,,8,,0,生活の党,
uh3023,28,兵庫県,28585,香美町,16594,11108,10617,50,12,125,,7,,0,社会民主党,
uh3023,28,兵庫県,28585,香美町,16594,11108,10617,50,12,54,,10,,0,緑の党グリーンズジャパン,
uh3023,28,兵庫県,28585,香美町,16594,11108,10617,50,12,4848,,1,,0,自由民主党,
uh3023,28,兵庫県,28585,香美町,16594,11108,10617,50,12,25,,11,,0,みどりの風,
uh3023,28,兵庫県,28585,香美町,16594,11108,10617,50,12,450,,6,,0,みんなの党,
uh3023,28,兵庫県,28585,香美町,16594,11108,10617,50,12,1333,,2,,0,公明党,
uh3023,28,兵庫県,28585,香美町,16594,11108,10617,50,12,33,,12,,0,幸福実現党,
uh3023,28,兵庫県,28585,香美町,16594,11108,10617,50,12,23,,9,,0,新党大地,
uh3023,28,兵庫県,28586,新温泉町,13423,8787,8438,50,12,24,,11,,0,みどりの風,
uh3023,28,兵庫県,28586,新温泉町,13423,8787,8438,50,12,354,,6,,0,みんなの党,
uh3023,28,兵庫県,28586,新温泉町,13423,8787,8438,50,12,1112,,2,,0,公明党,
uh3023,28,兵庫県,28586,新温泉町,13423,8787,8438,50,12,28,,12,,0,幸福実現党,
uh3023,28,兵庫県,28586,新温泉町,13423,8787,8438,50,12,15,,9,,0,新党大地,
uh3023,28,兵庫県,28586,新温泉町,13423,8787,8438,50,12,652,,5,,0,日本共産党,
uh3023,28,兵庫県,28586,新温泉町,13423,8787,8438,50,12,882,,4,,0,日本維新の会,
uh3023,28,兵庫県,28586,新温泉町,13423,8787,8438,50,12,1496,,3,,0,民主党,
uh3023,28,兵庫県,28586,新温泉町,13423,8787,8438,50,12,70,,8,,0,生活の党,
uh3023,28,兵庫県,28586,新温泉町,13423,8787,8438,50,12,111,,7,,0,社会民主党,
uh3023,28,兵庫県,28586,新温泉町,13423,8787,8438,50,12,30,,10,,0,緑の党グリーンズジャパン,
uh3023,28,兵庫県,28586,新温泉町,13423,8787,8438,50,12,3664,,1,,0,自由民主党,
